{"5971": {"43": {"test0": [0.9416398522588628, 0.9416398522588628, 0.9416398522588628, 0.9416398522588628, 0.9416398522588628, 0.9416398522588628, 0.9416398522588628, 0.9416398522588628, 0.9416398522588628, 0.9416398522588628, 0.9416398522588628, 0.9416398522588628, 0.9416398522588628, 0.9419788001202775, 0.9419788001202775, 0.9419788001202775, 0.9419788001202775, 0.9419788001202775, 0.9419788001202775, 0.9419788001202775, 0.9419788001202775, 0.9419788001202775, 0.9419788001202775, 0.9419788001202775, 0.9419788001202775, 0.9419788001202775, 0.9419788001202775, 0.9419788001202775, 0.9419788001202775, 0.9419788001202775, 0.9419788001202775, 0.9419788001202775, 0.9419788001202775, 0.9419788001202775, 0.9419788001202775, 0.9419788001202775, 0.9419788001202775, 0.9598520184009116, 0.9598520184009116, 0.9598520184009116, 0.9598520184009116, 0.9598520184009116, 0.9598520184009116, 0.9598520184009116, 0.9598520184009116, 0.9598520184009116, 0.9598520184009116, 0.9598520184009116, 0.9598520184009116, 0.9598520184009116, 0.9598520184009116], "test1": [0.9403703772665021, 0.9403703772665021, 0.9403703772665021, 0.9403703772665021, 0.9403703772665021, 0.9503610817400117, 0.9503610817400117, 0.9503610817400117, 0.9503610817400117, 0.9503610817400117, 0.9503610817400117, 0.9503610817400117, 0.9503610817400117, 0.9503610817400117, 0.9503610817400117, 0.9503610817400117, 0.9503610817400117, 0.9503610817400117, 0.9512119828979544, 0.9537275493872571, 0.9537275493872571, 0.9537275493872571, 0.9537275493872571, 0.9537275493872571, 0.9537275493872571, 0.9537275493872571, 0.9537275493872571, 0.9537275493872571, 0.9537275493872571, 0.9537275493872571, 0.9537275493872571, 0.9602930200921531, 0.9602930200921531, 0.9602930200921531, 0.9602930200921531, 0.9602930200921531, 0.9602930200921531, 0.9602930200921531, 0.9602930200921531, 0.9602930200921531, 0.9602930200921531, 0.9602930200921531, 0.9602930200921531, 0.9602930200921531, 0.9602930200921531, 0.9602930200921531, 0.9602930200921531, 0.9602930200921531, 0.9602930200921531, 0.9602930200921531, 0.9602930200921531], "test2": [0.9653373677987761, 0.9653373677987761, 0.9653373677987761, 0.9653373677987761, 0.9653373677987761, 0.9653373677987761, 0.9653373677987761, 0.9653373677987761, 0.9653373677987761, 0.9653373677987761, 0.9653373677987761, 0.9653373677987761, 0.9653373677987761, 0.9653373677987761, 0.9653373677987761, 0.9653373677987761, 0.9653373677987761, 0.9653373677987761, 0.9653373677987761, 0.9653373677987761, 0.9653373677987761, 0.9653373677987761, 0.9653373677987761, 0.9653373677987761, 0.9653373677987761, 0.9653373677987761, 0.9653373677987761, 0.9653373677987761, 0.9653373677987761, 0.9653373677987761, 0.9653373677987761, 0.9653373677987761, 0.9653373677987761, 0.9653373677987761, 0.9653373677987761, 0.9653373677987761, 0.9653373677987761, 0.9653373677987761, 0.9653373677987761, 0.9653373677987761, 0.9653373677987761, 0.9653373677987761, 0.9653373677987761, 0.9653373677987761, 0.9653373677987761, 0.9653373677987761, 0.9653373677987761, 0.9653373677987761, 0.9653373677987761, 0.9653373677987761, 0.9653373677987761], "test3": [0.9911513240084686, 0.9911513240084686, 0.9911513240084686, 0.9911513240084686, 0.9911513240084686, 0.9911513240084686, 0.9911513240084686, 0.9911513240084686, 0.9911513240084686, 0.9911513240084686, 0.9911513240084686, 0.9911513240084686, 0.9911513240084686, 0.9911513240084686, 0.9911513240084686, 0.9911513240084686, 0.9911513240084686, 0.9911513240084686, 0.9911513240084686, 0.9911513240084686, 0.9911513240084686, 0.9911513240084686, 0.9911513240084686, 0.9911513240084686, 0.9911513240084686, 0.9911513240084686, 0.9911513240084686, 0.9911513240084686, 0.9911513240084686, 0.9911513240084686, 0.9911513240084686, 0.9911513240084686, 0.9911513240084686, 0.9911513240084686, 0.9911513240084686, 0.9911513240084686, 0.9911513240084686, 0.9911513240084686, 0.9911513240084686, 0.9911513240084686, 0.9911513240084686, 0.9911513240084686, 0.9911513240084686, 0.9911513240084686, 0.9911513240084686, 0.9911513240084686, 0.9911513240084686, 0.9911513240084686, 0.9911513240084686, 0.9911513240084686, 0.9911513240084686], "test4": [0.9864959333539676, 0.9864959333539676, 0.9864959333539676, 0.9864959333539676, 0.9864959333539676, 0.9864959333539676, 0.9864959333539676, 0.9864959333539676, 0.9864959333539676, 0.9864959333539676, 0.9866255792354122, 0.9866255792354122, 0.9866255792354122, 0.9866255792354122, 0.9866255792354122, 0.9866255792354122, 0.9866255792354122, 0.9866255792354122, 0.9866255792354122, 0.9866255792354122, 0.9866255792354122, 0.9866255792354122, 0.9866255792354122, 0.9866255792354122, 0.9902658160904574, 0.9902658160904574, 0.9902658160904574, 0.9902658160904574, 0.9902658160904574, 0.9902658160904574, 0.9902658160904574, 0.9906367217234068, 0.9906367217234068, 0.9906367217234068, 0.9906367217234068, 0.9906367217234068, 0.9906367217234068, 0.9906367217234068, 0.9906367217234068, 0.9906367217234068, 0.9906367217234068, 0.9906367217234068, 0.9906367217234068, 0.9906367217234068, 0.9906367217234068, 0.9906367217234068, 0.9906367217234068, 0.9906367217234068, 0.9906367217234068, 0.9906367217234068, 0.9906367217234068]}, "34536": {"test0": [0.9958705420572431, 0.9958705420572431, 0.9958705420572431, 0.9958705420572431, 0.9958705420572431, 0.9958705420572431, 0.9958705420572431, 0.9958705420572431, 0.9958705420572431, 0.9958705420572431, 0.9958705420572431, 0.9958705420572431, 0.9958705420572431, 0.9958705420572431, 0.9958705420572431, 0.9958705420572431, 0.9958705420572431, 0.9958705420572431, 0.9958705420572431, 0.9958705420572431, 0.9958705420572431, 0.9958705420572431, 0.9958705420572431, 0.9958705420572431, 0.9958705420572431, 0.9958705420572431, 0.9958705420572431, 0.9958705420572431, 0.9958705420572431, 0.9958705420572431, 0.9958705420572431, 0.9958705420572431, 0.9958705420572431, 0.9958705420572431, 0.9958705420572431, 0.9958705420572431, 0.9958705420572431, 0.9958705420572431, 0.9958705420572431, 0.9958705420572431, 0.9958705420572431, 0.9958705420572431, 0.9958705420572431, 0.9958705420572431, 0.9958705420572431, 0.9958705420572431, 0.9958705420572431, 0.9958705420572431, 0.9958705420572431, 0.9958705420572431, 0.9958705420572431]}}}