{"5971": {"9970": {"test0": [0.44861266840599157, 0.44861266840599157, 0.44861266840599157, 0.44861266840599157, 0.44861266840599157, 0.44861266840599157, 0.5156078193232592, 0.5156078193232592, 0.5156078193232592, 0.5156078193232592, 0.5156078193232592, 0.6716936885558705, 0.6716936885558705, 0.6716936885558705, 0.7862758995111147, 0.7862758995111147, 0.7862758995111147, 0.7862758995111147, 0.7862758995111147, 0.7862758995111147, 0.7862758995111147, 0.8481958225312586, 0.8481958225312586, 0.8481958225312586, 0.8481958225312586, 0.8481958225312586, 0.8481958225312586, 0.8481958225312586, 0.8481958225312586, 0.8481958225312586, 0.8481958225312586, 0.8481958225312586, 0.8481958225312586, 0.8481958225312586, 0.8481958225312586, 0.8481958225312586, 0.8481958225312586, 0.8481958225312586, 0.8481958225312586, 0.8481958225312586, 0.8481958225312586, 0.8481958225312586, 0.8481958225312586, 0.8481958225312586, 0.8481958225312586, 0.8481958225312586, 0.8481958225312586, 0.8481958225312586, 0.8481958225312586, 0.8481958225312586, 0.8481958225312586], "test1": [0.8998708418390522, 0.8998708418390522, 0.8998708418390522, 0.8998708418390522, 0.8998708418390522, 0.8998708418390522, 0.8998708418390522, 0.8998708418390522, 0.8998708418390522, 0.8998708418390522, 0.8998708418390522, 0.8998708418390522, 0.8998708418390522, 0.8998708418390522, 0.8998708418390522, 0.8998708418390522, 0.8998708418390522, 0.8998708418390522, 0.8998708418390522, 0.8998708418390522, 0.8998708418390522, 0.8998708418390522, 0.8998708418390522, 0.8998708418390522, 0.8998708418390522, 0.8998708418390522, 0.8998708418390522, 0.9158465903065766, 0.9158465903065766, 0.9158465903065766, 0.9161286122332128, 0.9161286122332128, 0.9161286122332128, 0.9183434699178034, 0.9183434699178034, 0.9183434699178034, 0.9183434699178034, 0.9183434699178034, 0.9183434699178034, 0.9183434699178034, 0.9183434699178034, 0.9183434699178034, 0.9183434699178034, 0.9183434699178034, 0.9183434699178034, 0.9183434699178034, 0.9183434699178034, 0.9195111695750652, 0.9195111695750652, 0.9557223679872514, 0.9557223679872514], "test2": [0.7713146973168399, 0.7713146973168399, 0.8340206196313605, 0.8636024074589492, 0.8636024074589492, 0.8636024074589492, 0.8636024074589492, 0.8636024074589492, 0.8636024074589492, 0.8636024074589492, 0.8636024074589492, 0.8636024074589492, 0.8636024074589492, 0.8636024074589492, 0.8636024074589492, 0.8636024074589492, 0.8636024074589492, 0.8636024074589492, 0.8636024074589492, 0.8636024074589492, 0.8636024074589492, 0.8636024074589492, 0.8636024074589492, 0.8636024074589492, 0.8636024074589492, 0.8636024074589492, 0.8636024074589492, 0.8636024074589492, 0.8636024074589492, 0.8636024074589492, 0.8636024074589492, 0.8636024074589492, 0.8678998302845873, 0.8678998302845873, 0.8678998302845873, 0.8678998302845873, 0.8678998302845873, 0.8678998302845873, 0.8678998302845873, 0.8678998302845873, 0.874227128670893, 0.874227128670893, 0.874227128670893, 0.874227128670893, 0.874227128670893, 0.874227128670893, 0.874227128670893, 0.874227128670893, 0.874227128670893, 0.874227128670893, 0.874227128670893], "test3": [0.8316577667619912, 0.8316577667619912, 0.8316577667619912, 0.8316577667619912, 0.8316577667619912, 0.8316577667619912, 0.8316577667619912, 0.8316577667619912, 0.8316577667619912, 0.8316577667619912, 0.8316577667619912, 0.8316577667619912, 0.8316577667619912, 0.8316577667619912, 0.8316577667619912, 0.8316577667619912, 0.8316577667619912, 0.8316577667619912, 0.8316577667619912, 0.8316577667619912, 0.8316577667619912, 0.8316577667619912, 0.8316577667619912, 0.8316577667619912, 0.8316577667619912, 0.8316577667619912, 0.8316577667619912, 0.8316577667619912, 0.8316577667619912, 0.8316577667619912, 0.8316577667619912, 0.8316577667619912, 0.8316577667619912, 0.8316577667619912, 0.8316577667619912, 0.8316577667619912, 0.8316577667619912, 0.8316577667619912, 0.8316577667619912, 0.8316577667619912, 0.8316577667619912, 0.8316577667619912, 0.8316577667619912, 0.8316577667619912, 0.8316577667619912, 0.8316577667619912, 0.8316577667619912, 0.8316577667619912, 0.8316577667619912, 0.8316577667619912, 0.8316577667619912], "test4": [0.5220724139043253, 0.5972444486646651, 0.5972444486646651, 0.8653644759078315, 0.8653644759078315, 0.8692134687076487, 0.8692134687076487, 0.8692134687076487, 0.8692134687076487, 0.8692134687076487, 0.8692134687076487, 0.8692134687076487, 0.8692134687076487, 0.8692134687076487, 0.8692134687076487, 0.8692134687076487, 0.8692134687076487, 0.8692134687076487, 0.8692134687076487, 0.8692134687076487, 0.8692134687076487, 0.8692134687076487, 0.8692134687076487, 0.8692134687076487, 0.8692134687076487, 0.8692134687076487, 0.8692134687076487, 0.8692134687076487, 0.8692134687076487, 0.8692134687076487, 0.8692134687076487, 0.8692134687076487, 0.8692134687076487, 0.8692134687076487, 0.8692134687076487, 0.8692134687076487, 0.8692134687076487, 0.8692134687076487, 0.8692134687076487, 0.8692134687076487, 0.8692134687076487, 0.8692134687076487, 0.8692134687076487, 0.8692134687076487, 0.8692134687076487, 0.8692134687076487, 0.8692134687076487, 0.8692134687076487, 0.8692134687076487, 0.8692134687076487, 0.8692134687076487]}, "6566": {"test0": [0.9767399693552089, 0.9767399693552089, 0.9767399693552089, 0.9767399693552089, 0.9767399693552089, 0.9767399693552089, 0.9767399693552089, 0.9767399693552089, 0.9767399693552089, 0.9767399693552089, 0.9767399693552089, 0.9767399693552089, 0.9767399693552089, 0.9767399693552089, 0.9767399693552089, 0.9767399693552089, 0.9767399693552089, 0.9767399693552089, 0.9767399693552089, 0.9767399693552089, 0.9767399693552089, 0.9767399693552089, 0.9767399693552089, 0.9775080968691872, 0.9775080968691872, 0.9775080968691872, 0.9775080968691872, 0.9775080968691872, 0.9775080968691872, 0.9775080968691872, 0.9775080968691872, 0.9775080968691872, 0.9775080968691872, 0.9775080968691872, 0.9775080968691872, 0.9775080968691872, 0.9775080968691872, 0.9775080968691872, 0.9775080968691872, 0.9775080968691872, 0.9775080968691872, 0.9775080968691872, 0.9775080968691872, 0.9775080968691872, 0.9787633608029591, 0.9787633608029591, 0.9787633608029591, 0.9787633608029591, 0.9787633608029591, 0.9787633608029591, 0.9787633608029591], "test1": [0.990786599016509, 0.990786599016509, 0.990786599016509, 0.990786599016509, 0.990786599016509, 0.990786599016509, 0.990786599016509, 0.990786599016509, 0.990786599016509, 0.990786599016509, 0.990786599016509, 0.990786599016509, 0.990786599016509, 0.990786599016509, 0.990786599016509, 0.990786599016509, 0.990786599016509, 0.990786599016509, 0.990786599016509, 0.990786599016509, 0.990786599016509, 0.990786599016509, 0.990786599016509, 0.990786599016509, 0.990786599016509, 0.990786599016509, 0.990786599016509, 0.990786599016509, 0.990786599016509, 0.990786599016509, 0.990786599016509, 0.990786599016509, 0.990786599016509, 0.990786599016509, 0.990786599016509, 0.990786599016509, 0.990786599016509, 0.990786599016509, 0.990786599016509, 0.990786599016509, 0.990786599016509, 0.990786599016509, 0.990786599016509, 0.990786599016509, 0.990786599016509, 0.990786599016509, 0.990786599016509, 0.990786599016509, 0.990786599016509, 0.990786599016509, 0.990786599016509]}}}