{"5971": {"10093": {"test0": [0.9830828197633565, 0.9830828197633565, 0.9830828197633565, 0.9830828197633565, 0.9830828197633565, 0.9830828197633565, 0.9830828197633565, 0.9830828197633565, 0.9830828197633565, 0.9830828197633565, 0.9830828197633565, 0.9830828197633565, 0.9830828197633565, 0.9830828197633565, 0.9830828197633565, 0.9830828197633565, 0.9830828197633565, 0.9830828197633565, 0.9830828197633565, 0.9830828197633565, 0.9830828197633565, 0.9830828197633565, 0.9830828197633565, 0.9830828197633565, 0.9830828197633565, 0.9884160003099709, 0.988429561536487, 0.988429561536487, 0.988429561536487, 0.988429561536487, 0.988429561536487, 0.988429561536487, 0.988429561536487, 0.988429561536487, 0.988429561536487, 0.988429561536487, 0.988429561536487, 0.99609223571349, 0.99609223571349, 0.99609223571349, 0.99609223571349, 0.99609223571349, 0.99609223571349, 0.99609223571349, 0.99609223571349, 0.99609223571349, 0.99609223571349, 0.99609223571349, 0.99609223571349, 0.99609223571349, 0.99609223571349], "test1": [0.9617609804813267, 0.9617609804813267, 0.9635677649645713, 0.9635677649645713, 0.9635677649645713, 0.9635677649645713, 0.9751622261721985, 0.9781146989165549, 0.9819235631154012, 0.9819235631154012, 0.9819235631154012, 0.9819235631154012, 0.9819235631154012, 0.9819235631154012, 0.9819235631154012, 0.9819235631154012, 0.9819235631154012, 0.9819235631154012, 0.9819235631154012, 0.9819235631154012, 0.9819235631154012, 0.9819235631154012, 0.9877429760111589, 0.9877429760111589, 0.9877429760111589, 0.9877429760111589, 0.9877429760111589, 0.9877429760111589, 0.9877429760111589, 0.9877429760111589, 0.9877429760111589, 0.9877429760111589, 0.9877429760111589, 0.9877429760111589, 0.9877429760111589, 0.9877429760111589, 0.9877429760111589, 0.9877429760111589, 0.9877429760111589, 0.9877429760111589, 0.9877429760111589, 0.9877429760111589, 0.9877429760111589, 0.9877429760111589, 0.9877429760111589, 0.9877429760111589, 0.9877429760111589, 0.9877429760111589, 0.9877429760111589, 0.9877429760111589, 0.9877429760111589], "test2": [0.9653151620750614, 0.9653151620750614, 0.9671043391081556, 0.9671043391081556, 0.9671043391081556, 0.9671043391081556, 0.9671043391081556, 0.9671043391081556, 0.9671043391081556, 0.9671043391081556, 0.9671043391081556, 0.9671043391081556, 0.9671043391081556, 0.9671043391081556, 0.9777975599478862, 0.9777975599478862, 0.9784853078640584, 0.9784853078640584, 0.9784853078640584, 0.9784853078640584, 0.9784853078640584, 0.9784853078640584, 0.9784853078640584, 0.9784853078640584, 0.9784853078640584, 0.9784853078640584, 0.9784853078640584, 0.9784853078640584, 0.9784853078640584, 0.9784853078640584, 0.9784853078640584, 0.9784853078640584, 0.9784853078640584, 0.9784853078640584, 0.9784853078640584, 0.9784853078640584, 0.9784853078640584, 0.9798638065394172, 0.9798638065394172, 0.9798638065394172, 0.9798638065394172, 0.9798638065394172, 0.9798638065394172, 0.9798638065394172, 0.9798638065394172, 0.9798638065394172, 0.9798638065394172, 0.9798638065394172, 0.9798638065394172, 0.9798638065394172, 0.9798638065394172], "test3": [0.9747913545181648, 0.9747913545181648, 0.9747913545181648, 0.9747913545181648, 0.9747913545181648, 0.9747913545181648, 0.9747913545181648, 0.9747913545181648, 0.9796031403925975, 0.9796031403925975, 0.9796031403925975, 0.9796031403925975, 0.9796031403925975, 0.9796031403925975, 0.9796031403925975, 0.9796031403925975, 0.9796031403925975, 0.9796031403925975, 0.9796031403925975, 0.9796031403925975, 0.9796031403925975, 0.9796031403925975, 0.9796031403925975, 0.9796031403925975, 0.9796031403925975, 0.9796031403925975, 0.9796031403925975, 0.9796031403925975, 0.9796031403925975, 0.9796031403925975, 0.9796031403925975, 0.9796031403925975, 0.9796031403925975, 0.9796031403925975, 0.9796031403925975, 0.9796031403925975, 0.9796031403925975, 0.9796031403925975, 0.9796031403925975, 0.9796031403925975, 0.9796031403925975, 0.9796031403925975, 0.9796031403925975, 0.9796031403925975, 0.9796031403925975, 0.9796031403925975, 0.9796031403925975, 0.9796031403925975, 0.9796031403925975, 0.9796031403925975, 0.9796031403925975], "test4": [0.9582084240277812, 0.9582084240277812, 0.9582084240277812, 0.9582084240277812, 0.9582084240277812, 0.9582084240277812, 0.9582084240277812, 0.9582084240277812, 0.9582084240277812, 0.9582084240277812, 0.9582084240277812, 0.9582084240277812, 0.9582084240277812, 0.9582084240277812, 0.9582084240277812, 0.9721260612870573, 0.9721260612870573, 0.9721260612870573, 0.9721260612870573, 0.9721260612870573, 0.9721260612870573, 0.9721260612870573, 0.9721260612870573, 0.9721260612870573, 0.9721260612870573, 0.9721260612870573, 0.9721260612870573, 0.9721260612870573, 0.9721260612870573, 0.9721260612870573, 0.9721260612870573, 0.9721260612870573, 0.9721260612870573, 0.9721260612870573, 0.9721260612870573, 0.9721260612870573, 0.9755636384770743, 0.9755636384770743, 0.9755636384770743, 0.9755636384770743, 0.9755636384770743, 0.9755636384770743, 0.9755636384770743, 0.9755636384770743, 0.9755636384770743, 0.9755636384770743, 0.9755636384770743, 0.9755636384770743, 0.9755636384770743, 0.9755636384770743, 0.9755636384770743]}, "43": {"test0": [0.9416398522588628, 0.9416398522588628, 0.9416398522588628, 0.9416398522588628, 0.9416398522588628, 0.9416398522588628, 0.9416398522588628, 0.9416398522588628, 0.9416398522588628, 0.9416398522588628, 0.9416398522588628, 0.9416398522588628, 0.9416398522588628, 0.9419788001202775, 0.9419788001202775, 0.9419788001202775, 0.9419788001202775, 0.9419788001202775, 0.9419788001202775, 0.9419788001202775, 0.9419788001202775, 0.9419788001202775, 0.9419788001202775, 0.9419788001202775, 0.9419788001202775, 0.9419788001202775, 0.9419788001202775, 0.9419788001202775, 0.9419788001202775, 0.9419788001202775, 0.9419788001202775, 0.9419788001202775, 0.9419788001202775, 0.9419788001202775, 0.9419788001202775, 0.9419788001202775, 0.9419788001202775, 0.9598520184009116, 0.9598520184009116, 0.9598520184009116, 0.9598520184009116, 0.9598520184009116, 0.9598520184009116, 0.9598520184009116, 0.9598520184009116, 0.9598520184009116, 0.9598520184009116, 0.9598520184009116, 0.9598520184009116, 0.9598520184009116, 0.9598520184009116], "test1": [0.9403703772665021, 0.9403703772665021, 0.9403703772665021, 0.9403703772665021, 0.9403703772665021, 0.9503610817400117, 0.9503610817400117, 0.9503610817400117, 0.9503610817400117, 0.9503610817400117, 0.9503610817400117, 0.9503610817400117, 0.9503610817400117, 0.9503610817400117, 0.9503610817400117, 0.9503610817400117, 0.9503610817400117, 0.9503610817400117, 0.9512119828979544, 0.9537275493872571, 0.9537275493872571, 0.9537275493872571, 0.9537275493872571, 0.9537275493872571, 0.9537275493872571, 0.9537275493872571, 0.9537275493872571, 0.9537275493872571, 0.9537275493872571, 0.9537275493872571, 0.9537275493872571, 0.9602930200921531, 0.9602930200921531, 0.9602930200921531, 0.9602930200921531, 0.9602930200921531, 0.9602930200921531, 0.9602930200921531, 0.9602930200921531, 0.9602930200921531, 0.9602930200921531, 0.9602930200921531, 0.9602930200921531, 0.9602930200921531, 0.9602930200921531, 0.9602930200921531, 0.9602930200921531, 0.9602930200921531, 0.9602930200921531, 0.9602930200921531, 0.9602930200921531],